Latitude,Longitude,POC,State,County,City,Site.Code,n
17.712474,-64.784868,5,Virgin Islands,St Croix,Not in a city,78-010-0012,61
18.420089,-66.150615,5,Puerto Rico,Bayamon,Bayamon,72-021-0010,323
18.425652,-66.115846,5,Puerto Rico,Guaynabo,Guaynabo,72-061-0001,529
21.323745,-158.088613,5,Hawaii,Honolulu,Not in a city,15-003-0010,1263
21.392833,-157.969126,5,Hawaii,Honolulu,Pearl City,15-003-2004,395
25.794222,-80.215556,5,Florida,Miami-Dade,Miami,12-086-1016,480
26.053889,-80.256944,5,Florida,Broward,Davie,12-011-0034,759
26.0711,-97.1577,5,Texas,Cameron,South Padre Island,48-061-2004,542
26.083143,-80.237586,5,Florida,Broward,Davie,12-011-1002,1030
27.426981,-97.298692,5,Texas,Kleberg,Corpus Christi,48-273-0314,151
27.811817,-97.465703,5,Texas,Nueces,Corpus Christi,48-355-0034,1123
27.850348,-82.714465,5,Florida,Pinellas,Pinellas Park,12-103-0026,818
27.96565,-82.2304,5,Florida,Hillsborough,Valrico,12-057-3002,2084
28.050296,-82.377871,5,Florida,Hillsborough,Tampa,12-057-1075,432
29.263319,-94.856568,5,Texas,Galveston,Galveston,48-167-0014,655
29.30265,-103.17781,5,Texas,Brewster,Not in a city,48-043-0101,450
29.670025,-95.128508,5,Texas,Harris,Deer Park,48-201-1039,77
29.695729,-95.499219,5,Texas,Harris,Houston,48-201-0055,667
29.764788,-95.178538,5,Texas,Harris,Houston,48-201-0803,185
29.767997,-95.220582,5,Texas,Harris,Houston,48-201-1034,218
29.802707,-95.125495,5,Texas,Harris,Channelview,48-201-0026,597
29.863957,-94.317802,5,Texas,Jefferson,Not in a city,48-245-0022,665
29.88546,-89.94952,5,Louisiana,Plaquemines,Not in a city,22-075-8400,44
29.900314,-90.109836,5,Louisiana,Jefferson,Marrero,22-051-2001,24
29.901036,-95.326137,5,Texas,Harris,Houston,48-201-0024,1497
29.9198,-90.231783,5,Louisiana,Jefferson,Waggaman,22-051-8107,21
29.922894,-93.909018,5,Texas,Jefferson,Port Arthur,48-245-0021,421
29.933261,-90.359524,5,Louisiana,St. Charles,Luling,22-089-0005,18
29.939614,-89.923883,5,Louisiana,St. Bernard,Meraux,22-087-0004,48
29.955704,-90.121733,5,Louisiana,Orleans,New Orleans,22-071-0010,42
29.96249,-90.05689,5,Louisiana,Orleans,New Orleans,22-071-8401,40
29.971443,-89.998605,5,Louisiana,St. Bernard,Arabi,22-087-8103,35
29.993519,-90.10155,5,Louisiana,Orleans,New Orleans,22-071-0012,45
29.999264,-90.211619,5,Louisiana,Jefferson,Metairie,22-051-8106,17
30.016905,-89.927185,5,Louisiana,Orleans,New Orleans,22-071-8105,43
30.020892,-90.123099,5,Louisiana,Jefferson,Metairie,22-051-8105,21
30.032329,-90.045465,5,Louisiana,Orleans,New Orleans,22-071-8106,26
30.041238,-90.272826,5,Louisiana,Jefferson,Kenner,22-051-1001,45
30.0655,-89.804767,5,Louisiana,Orleans,New Orleans,22-071-8110,11
30.16635,-89.737333,5,Louisiana,Orleans,New Orleans,22-071-8109,14
30.194167,-93.866944,5,Texas,Orange,West Orange,48-361-1100,581
30.26588,-89.76997,5,Louisiana,St. Tammany,Slidell,22-103-8401,26
30.26892,-89.44933,5,Mississippi,Hancock,Bay St. Louis,28-045-8104,69
30.31445,-89.81415,5,Louisiana,St. Tammany,Not in a city,22-103-8400,23
30.350302,-95.425128,5,Texas,Montgomery,Conroe,48-339-0078,442
30.353889,-95.421667,5,Texas,Montgomery,Conroe,48-339-0089,185
30.3658,-103.6491,5,Texas,Brewster,Alpine,48-043-0002,292
30.373678,-89.15513,5,Mississippi,Harrison,Long Beach,28-047-8101,90
30.378287,-88.53393,5,Mississippi,Jackson,Pascagoula,28-059-0006,99
30.390369,-89.049778,5,Mississippi,Harrison,Gulfport,28-047-0008,790
30.393193,-89.580378,5,Mississippi,Hancock,Not in a city,28-045-8201,96
30.40966,-89.44114,5,Mississippi,Hancock,Kiln,28-045-8105,63
30.439722,-84.346389,5,Florida,Leon,Tallahassee,12-073-0012,1149
30.449005,-89.052683,5,Mississippi,Harrison,Gulfport,28-047-8102,89
30.461981,-91.179219,5,Louisiana,East Baton Rouge,Baton Rouge,22-033-0009,2141
30.470916,-88.9827,5,Mississippi,Harrison,Biloxi,28-047-8103,92
30.483163,-97.875084,5,Texas,Travis,Leander,48-453-0020,621
30.669362,-104.024657,5,Texas,Jeff Davis,Not in a city,48-243-0004,177
30.770181,-88.087761,5,Alabama,Mobile,Chickasaw,01-097-0003,242
31.323639,-89.287167,5,Mississippi,Forrest,Hattiesburg,28-035-0004,219
31.513097,-82.749971,5,Georgia,Coffee,Not in a city,13-069-0002,1138
31.664302,-85.606175,5,Alabama,Barbour,Not in a city,01-005-0002,135
31.688638,-89.135115,5,Mississippi,Jones,Laurel,28-067-0002,483
31.758532,-106.501045,5,Texas,El Paso,El Paso,48-141-0053,567
31.765685,-106.455227,5,Texas,El Paso,El Paso,48-141-0044,2283
32.092957,-81.14399,5,Georgia,Chatham,Savannah,13-051-0017,162
32.29515,-110.9823,5,Arizona,Pima,Tucson,04-019-1028,1708
32.296952,-90.188394,5,Mississippi,Hinds,Jackson,28-049-0018,252
32.329111,-90.182722,5,Mississippi,Hinds,Jackson,28-049-0020,881
32.33037,-90.166201,5,Mississippi,Hinds,Jackson,28-049-0019,263
32.412811,-86.263394,5,Alabama,Montgomery,Montgomery,01-101-1002,762
32.4274,-84.9457,5,Georgia,Muscogee,Columbus,13-215-0012,15
32.4297,-84.9316,5,Georgia,Muscogee,Columbus,13-215-0011,1085
32.436944,-97.025,5,Texas,Ellis,Midlothian,48-139-0015,197
32.437028,-84.999653,5,Alabama,Russell,Phenix City,01-113-0003,238
32.472136,-85.005028,5,Alabama,Russell,Phenix City,01-113-0001,679
32.482083,-97.026899,5,Texas,Ellis,Midlothian,48-139-0016,881
32.535293,-93.747041,5,Louisiana,Bossier,Shreveport,22-015-0008,707
32.564968,-96.317687,5,Texas,Kaufman,Kaufman,48-257-0005,194
32.629225,-115.447769,5,Country Of Mexico,BAJA CALIFORNIA NORTE,Mexicali,80-002-0012,131
32.633671,-115.504995,5,Country Of Mexico,BAJA CALIFORNIA NORTE,Mexicali,80-002-0014,30
32.669001,-94.167468,5,Texas,Harrison,Not in a city,48-203-0002,1248
32.67618,-115.48307,5,California,Imperial,Calexico,06-025-0005,1098
32.774262,-96.797686,5,Texas,Dallas,Dallas,48-113-0050,1598
32.777465,-83.640996,5,Georgia,Bibb,Macon,13-021-0007,1142
32.789565,-116.944308,5,California,San Diego,El Cajon,06-073-1022,596
32.790984,-79.958694,5,South Carolina,Charleston,Charleston,45-019-0049,1153
32.791194,-116.942092,5,California,San Diego,El Cajon,06-073-0003,1218
32.817978,-116.968133,5,California,San Diego,El Cajon,06-073-1018,161
32.820061,-96.860117,5,Texas,Dallas,Dallas,48-113-0069,2229
32.941023,-79.657187,5,South Carolina,Charleston,Not in a city,45-019-0046,154
33.127769,-117.075086,5,California,San Diego,Escondido,06-073-1002,827
33.139471,-91.939208,5,Arkansas,Ashley,Crossett,05-003-0005,161
33.290229,-112.160597,5,Arizona,Maricopa,Not in a city,04-013-7003,114
33.40635,-112.14426,5,Arizona,Maricopa,Phoenix,04-013-4009,57
33.41123,-111.93471,5,Arizona,Maricopa,Tempe,04-013-4005,19
33.4265,-112.11821,5,Arizona,Maricopa,Phoenix,04-013-9812,20
33.4339,-82.0224,5,Georgia,Richmond,Augusta,13-245-0091,1084
33.4349,-112.093,5,Arizona,Maricopa,Phoenix,04-013-8006,74
33.455277,-111.996111,5,Arizona,Maricopa,Phoenix,04-013-9998,91
33.459722,-87.305556,5,Alabama,Jefferson,Not in a city,01-073-1009,276
33.48378,-112.14256,5,Arizona,Maricopa,Phoenix,04-013-0019,125
33.488131,-111.855443,5,Arizona,Maricopa,Scottsdale,04-013-7020,116
33.499722,-86.924167,5,Alabama,Jefferson,Birmingham,01-073-2003,1529
33.503833,-112.095767,5,Arizona,Maricopa,Phoenix,04-013-9997,52
33.553056,-86.815,5,Alabama,Jefferson,Birmingham,01-073-0023,2395
33.590851,-101.847594,5,Texas,Lubbock,Lubbock,48-303-0001,148
33.6878,-84.2905,5,Georgia,DeKalb,Not in a city,13-089-0002,2214
33.834444,-89.792778,5,Mississippi,Grenada,Grenada,28-043-0001,212
33.945948,-83.372102,5,Georgia,Clarke,Athens (corp name Athens-Clarke County),13-059-0001,722
33.991509,-81.024141,5,South Carolina,Richland,Columbia,45-079-0019,292
33.99958,-117.41601,5,California,Riverside,Rubidoux,06-065-8001,2340
34.06659,-118.22688,5,California,Los Angeles,Los Angeles,06-037-1103,1740
34.093959,-80.962304,5,South Carolina,Richland,Dentsville (Dents),45-079-0007,1223
34.2605,-85.3232,5,Georgia,Floyd,Not in a city,13-115-0003,742
34.263198,-85.304826,5,Georgia,Floyd,Rome,13-115-0005,413
34.276316,-118.683685,5,California,Ventura,Simi Valley,06-111-2002,893
34.530717,-86.967536,5,Alabama,Morgan,Decatur,01-103-0011,209
34.615367,-80.198787,5,South Carolina,Chesterfield,Not in a city,45-025-0001,1027
34.687761,-86.586362,5,Alabama,Madison,Huntsville,01-089-0014,722
34.756189,-92.281296,5,Arkansas,Pulaski,North Little Rock,05-119-0007,1744
34.838814,-82.402918,5,South Carolina,Greenville,Greenville,45-045-0008,87
34.843895,-82.414585,5,South Carolina,Greenville,Greenville,45-045-0015,334
34.899141,-82.31307,5,South Carolina,Greenville,Taylors,45-045-0009,424
34.9784,-85.2943,5,Georgia,Walker,Rossville,13-295-0004,6
34.9788,-85.3009,5,Georgia,Walker,Not in a city,13-295-0002,902
35.041416,-78.953112,5,North Carolina,Cumberland,Fayetteville,37-051-0009,177
35.050918,-85.293019,5,Tennessee,Hamilton,Chattanooga,47-065-4002,773
35.115968,-87.469954,5,Tennessee,Lawrence,Loretto,47-099-0002,764
35.1343,-106.5852,5,New Mexico,Bernalillo,Albuquerque,35-001-0023,1629
35.151194,-90.041559,5,Tennessee,Shelby,Memphis,47-157-0024,665
35.168894,-90.021537,5,Tennessee,Shelby,Memphis,47-157-0047,528
35.2318,-77.5669,5,North Carolina,Lenoir,Kinston,37-107-0004,355
35.2401,-80.785683,5,North Carolina,Mecklenburg,Charlotte,37-119-0041,2306
35.24894,-91.715596,5,Arkansas,White,Searcy,05-145-0001,162
35.356615,-119.062613,5,California,Kern,Bakersfield,06-029-0014,1820
35.551868,-80.395039,5,North Carolina,Rowan,Rockwell,37-159-0021,602
35.6062,-82.5844,5,North Carolina,Buncombe,Asheville,37-021-0034,762
35.614131,-97.475083,5,Oklahoma,Oklahoma,Oklahoma City,40-109-1037,1159
35.728889,-81.365556,5,North Carolina,Catawba,Hickory,37-035-0004,721
35.8145,-80.2627,5,North Carolina,Davidson,Lexington,37-057-0002,662
35.856111,-78.574167,5,North Carolina,Wake,Raleigh,37-183-0014,2149
35.88931,-78.87466,5,North Carolina,Durham,Not in a city,37-063-0099,57
35.916761,-84.503624,5,Tennessee,Roane,Not in a city,47-145-1001,159
36.019186,-83.87381,5,Tennessee,Knox,Knoxville,47-093-1020,1107
36.085552,-99.935774,5,Oklahoma,Ellis,Not in a city,40-045-0890,252
36.109006,-79.802314,5,North Carolina,Guilford,Greensboro,37-081-0013,262
36.110693,-80.226438,5,North Carolina,Forsyth,Winston-Salem,37-067-0022,16
36.11094,-80.224501,5,North Carolina,Forsyth,Winston-Salem,37-067-0022,1139
36.141875,-115.078742,5,Nevada,Clark,Sunrise Manor,32-003-0540,1159
36.158582,-115.111666,5,Nevada,Clark,Las Vegas,32-003-0560,107
36.163962,-115.11393,5,Nevada,Clark,Las Vegas,32-003-0561,176
36.176382,-86.7389,5,Tennessee,Davidson,Nashville,47-037-0023,768
36.204902,-95.976537,5,Oklahoma,Tulsa,Tulsa,40-143-1127,2254
36.245248,-115.093058,5,Nevada,Clark,North Las Vegas,32-003-0020,188
36.29756,-86.653137,5,Tennessee,Sumner,Hendersonville,47-165-0007,224
36.307033,-79.467417,5,North Carolina,Caswell,Not in a city,37-033-0001,98
36.332178999999996,-119.291228,5,California,Tulare,Visalia,06-107-2002,1156
36.514627,-87.328041,5,Tennessee,Montgomery,Clarksville,47-125-1009,363
36.538761,-82.521599,5,Tennessee,Sullivan,Kingsport,47-163-1007,283
36.608,-82.1641,5,Virginia,Bristol City,Bristol,51-520-0006,286
36.781333,-119.77319,5,California,Fresno,Fresno,06-019-0008,1366
36.78538,-119.77321,5,California,Fresno,Fresno,06-019-0011,1121
36.970052,-90.1401,5,Missouri,Stoddard,Not in a city,29-207-0001,221
36.993375,-86.418323,5,Kentucky,Warren,Bowling Green,21-227-0007,254
37.06636,-88.63774,5,Kentucky,McCracken,Paducah,21-145-1004,254
37.087311,-84.063264,5,Kentucky,Laurel,London,21-125-0004,244
37.256248,-79.98476,5,Virginia,Roanoke City,Roanoke,51-770-0014,188
37.267684,-107.874589,5,Colorado,La Plata,Durango,08-067-0008,90
37.28329,-83.20932,5,Kentucky,Perry,Hazard,21-193-0003,393
37.339666,-121.888575,5,California,Santa Clara,San Jose,06-085-0004,222
37.348497,-121.894898,5,California,Santa Clara,San Jose,06-085-0005,1947
37.510703,-77.498041,5,Virginia,Richmond City,Richmond,51-760-0020,272
37.55652,-77.40027,5,Virginia,Henrico,East Highland Park,51-087-0014,1791
37.642165,-120.994212,5,California,Stanislaus,Modesto,06-099-0005,1155
37.64571,-118.96652,5,California,Mono,Mammoth Lakes,06-051-0001,266
37.687526,-121.784217,5,California,Alameda,Livermore,06-001-0007,398
37.702066,-97.314847,5,Kansas,Sedgwick,Wichita,20-173-0010,862
37.741159,-87.118053,5,Kentucky,Daviess,Owensboro,21-059-0014,164
37.780776,-87.075307,5,Kentucky,Daviess,Not in a city,21-059-0005,69
37.814781,-122.282347,5,California,Alameda,Oakland,06-001-0011,355
37.90084,-90.42388,5,Missouri,Sainte Genevieve,Not in a city,29-186-0005,1324
38.013333,-87.577222,5,Indiana,Vanderburgh,Evansville,18-163-0021,722
38.021727,-87.569458,5,Indiana,Vanderburgh,Evansville,18-163-0012,396
38.06503,-84.49761,5,Kentucky,Fayette,Lexington-Fayette (corporate name for Lexington),21-067-0012,781
38.102507,-122.237976,5,California,Solano,Vallejo,06-095-0004,396
38.23158,-85.82678,5,Kentucky,Jefferson,Louisville,21-111-1041,9
38.23319,-85.81566,5,Kentucky,Jefferson,Louisville,21-111-0043,414
38.23887,-82.9881,5,Kentucky,Carter,Not in a city,21-043-0500,392
38.24024,-85.73195,5,Kentucky,Jefferson,Louisville,21-111-0048,256
38.277719,-85.740111,5,Indiana,Clark,Jeffersonville,18-019-0006,659
38.288191,-85.741337,5,Indiana,Clark,Jeffersonville,18-019-0010,122
38.346258,-81.621161,5,West Virginia,Kanawha,Charleston,54-039-0020,625
38.366183,-81.693717,5,West Virginia,Kanawha,South Charleston,54-039-1005,596
38.391799,-86.929668,5,Indiana,Dubois,Jasper,18-037-2001,993
38.43783,-90.361492,5,Missouri,Jefferson,Arnold,29-099-0012,793
38.448833,-81.684717,5,West Virginia,Kanawha,Not in a city,54-039-0011,1290
38.45934,-82.64041,5,Kentucky,Boyd,Ashland,21-019-0017,789
38.508075,-82.659241,5,Ohio,Lawrence,Ironton,39-087-0012,426
38.520043,-82.665331,5,Ohio,Lawrence,Ironton,39-087-0010,357
38.525945,-90.0391,5,Illinois,Saint Clair,Belleville,17-163-0900,322
38.56844,-121.49311,5,California,Sacramento,Sacramento,06-067-0010,1144
38.60183,-90.232891,5,Missouri,St. Louis City,St. Louis,29-510-0089,94
38.613779,-121.368014,5,California,Sacramento,Arden-Arcade,06-067-0006,2521
38.656429,-90.198348,5,Missouri,St. Louis City,St. Louis,29-510-0085,47
38.66373,-78.50442,5,Virginia,Page,Not in a city,51-139-0004,164
38.700632,-90.144763,5,Illinois,Madison,Granite City,17-119-0024,818
38.79502,-92.918251,5,Missouri,Cooper,Not in a city,29-053-0001,210
38.828042,-104.827739,5,Colorado,El Paso,Colorado Springs,08-041-0011,297
38.848382,-90.076413,5,Illinois,Madison,Roxana,17-119-9010,184
38.903085,-90.143168,5,Illinois,Madison,Alton,17-119-2009,342
38.921847,-77.013178,5,District Of Columbia,District of Columbia,Washington,11-001-0043,2181
38.950002,-82.108935,5,Ohio,Gallia,Not in a city,39-053-0003,134
39.055277,-76.878333,5,Maryland,Prince George's,Beltsville,24-033-0030,1550
39.063798,-108.561173,5,Colorado,Mesa,Grand Junction,08-077-0017,373
39.0725,-84.525,5,Kentucky,Kenton,Covington,21-117-0007,513
39.0916,-108.563775,5,Colorado,Mesa,Grand Junction,08-077-0003,102
39.101111,-76.729444,5,Maryland,Anne Arundel,Fort Meade (U.S. Army),24-003-0019,179
39.10492,-84.55117,5,Ohio,Hamilton,Cincinnati,39-061-0042,77
39.117219,-94.635605,5,Kansas,Wyandotte,Kansas City,20-209-0021,1957
39.12886,-84.50404,5,Ohio,Hamilton,Cincinnati,39-061-0040,1679
39.155,-75.518056,5,Delaware,Kent,Dover,10-001-0003,753
39.180527,-84.49215,5,Ohio,Hamilton,St. Bernard,39-061-8001,58
39.288996,-76.554131,5,Maryland,Baltimore (City),Baltimore,24-510-0053,169
39.303174,-94.377014,5,Missouri,Clay,Not in a city,29-047-0005,1536
39.310833,-76.474444,5,Maryland,Baltimore,Essex,24-005-3001,2071
39.318611,-76.5825,5,Maryland,Baltimore (City),Baltimore,24-510-0050,32
39.521933,-119.7954,5,Nevada,Washoe,Reno,32-031-0031,173
39.525083,-119.807717,5,Nevada,Washoe,Reno,32-031-0016,2247
39.528439,-84.3942,5,Ohio,Butler,Middletown,39-017-1004,502
39.704005,-104.998113,5,Colorado,Denver,Denver,08-031-0025,230
39.739444,-75.558056,5,Delaware,New Castle,Wilmington,10-003-2004,1631
39.755969,-84.198674,5,Ohio,Montgomery,Dayton,39-113-0038,391
39.757371,-121.843286,5,California,Butte,Not in a city,06-007-0002,639
39.759533,-84.144201,5,Ohio,Montgomery,Dayton,39-113-0031,273
39.760659,-84.187678,5,Ohio,Montgomery,Dayton,39-113-0032,453
39.76168,-121.84047,5,California,Butte,Chico,06-007-0008,496
39.77949,-105.00518,5,Colorado,Denver,Denver,08-031-0026,949
39.808333,-120.471667,5,California,Plumas,Portola,06-063-1009,682
39.810833,-86.114444,5,Indiana,Marion,Indianapolis (Remainder),18-097-0078,2172
39.81336,-120.47069,5,California,Plumas,Portola,06-063-1010,452
39.818715,-75.413973,5,Pennsylvania,Delaware,Marcus Hook,42-045-0109,305
39.826007,-104.937438,5,Colorado,Adams,Commerce City,08-001-0006,1240
39.8281,-104.93647,5,Colorado,Adams,Commerce City,08-001-0010,13
39.82835,-104.93836,5,Colorado,Adams,Commerce City,08-001-0008,253
39.834461,-75.768242,5,Pennsylvania,Chester,Not in a city,42-029-0100,1120
39.835556,-75.3725,5,Pennsylvania,Delaware,Chester,42-045-0002,791
39.83562,-84.720524,5,Ohio,Preble,New Paris,39-135-1001,1215
39.866834,-88.925594,5,Illinois,Macon,Decatur,17-115-0013,297
39.915961,-80.733858,5,West Virginia,Marshall,Moundsville,54-051-1002,898
39.92002,-77.30968,5,Pennsylvania,Adams,Not in a city,42-001-0001,1182
39.922867,-75.186921,5,Pennsylvania,Philadelphia,Philadelphia,42-101-0055,939
39.923042,-75.097617,5,New Jersey,Camden,Camden,34-007-0003,671
39.927613,-75.222403,5,Pennsylvania,Philadelphia,Philadelphia,42-101-0136,198
39.934559,-75.125219,5,New Jersey,Camden,Camden,34-007-0002,550
39.965278,-76.699444,5,Pennsylvania,York,York,42-133-0008,754
39.991389,-75.080833,5,Pennsylvania,Philadelphia,Philadelphia,42-101-0048,895
40.008889,-75.09778,5,Pennsylvania,Philadelphia,Philadelphia,42-101-0004,48
40.009544,-85.52347,5,Indiana,Henry,Middletown,18-065-0003,1157
40.035985,-75.002405,5,Pennsylvania,Philadelphia,Philadelphia,42-101-1002,318
40.036389,-75.0025,5,Pennsylvania,Philadelphia,Philadelphia,42-101-1001,33
40.043833,-76.1124,5,Pennsylvania,Lancaster,Not in a city,42-071-0012,277
40.046667,-76.283333,5,Pennsylvania,Lancaster,Lancaster,42-071-0007,1156
40.114876,-80.700972,5,West Virginia,Ohio,Wheeling,54-069-0010,114
40.209387,-104.82405,5,Colorado,Weld,Platteville,08-123-0008,1165
40.246992,-76.846988,5,Pennsylvania,Dauphin,Not in a city,42-043-0401,770
40.304694,-79.505667,5,Pennsylvania,Westmoreland,Greensburg,42-129-0008,1238
40.309722,-78.915,5,Pennsylvania,Cambria,Johnstown,42-021-0011,745
40.320278,-75.926667,5,Pennsylvania,Berks,Reading,42-011-0009,15
40.32207,-80.6063,5,Ohio,Jefferson,Mingo Junction,39-081-1001,378
40.337328,-76.383447,5,Pennsylvania,Lebanon,Not in a city,42-075-0100,1
40.338516,-76.394788,5,Pennsylvania,Lebanon,Not in a city,42-075-0101,24
40.341389,-111.713611,5,Utah,Utah,Lindon,49-049-4001,1197
40.3663,-80.6158,5,Ohio,Jefferson,Steubenville,39-081-0017,575
40.38335,-75.9686,5,Pennsylvania,Berks,Not in a city,42-011-0011,461
40.392694,-75.925222,5,Pennsylvania,Berks,Reading,42-011-0010,59
40.41368,-79.941162,5,Pennsylvania,Allegheny,Pittsburgh,42-003-0021,147
40.445278,-80.420833,5,Pennsylvania,Washington,Not in a city,42-125-5001,1214
40.456944,-77.165556,5,Pennsylvania,Perry,Not in a city,42-099-0301,223
40.462182,-74.429439,5,New Jersey,Middlesex,East Brunswick (Township of),34-023-0011,522
40.472825,-74.422403,5,New Jersey,Middlesex,North Brunswick Township,34-023-0006,1524
40.628056,-75.341111,5,Pennsylvania,Northampton,Freemansburg,42-095-0025,872
40.64144,-74.208365,5,New Jersey,Union,Elizabeth,34-039-0004,2019
40.71436,-73.99518,5,New York,New York,New York,36-061-0134,1525
40.720622,-74.003674,5,New York,New York,New York,36-061-0062,546
40.720989,-74.192892,5,New Jersey,Essex,Newark,34-013-0003,1169
40.736389,-111.872222,5,Utah,Salt Lake,Salt Lake City,49-035-3006,2515
40.786804,-81.394153,5,Ohio,Stark,Canton,39-151-0017,881
40.787628,-74.676301,5,New Jersey,Morris,Chester,34-027-3001,1686
40.800717,-81.373,5,Ohio,Stark,Canton,39-151-0020,196
40.811389,-77.877028,5,Pennsylvania,Centre,State College,42-027-0100,740
40.816,-73.902,5,New York,Bronx,New York,36-005-0110,1935
40.83606,-73.92009,5,New York,Bronx,New York,36-005-0080,8
40.86585,-73.88083,5,New York,Bronx,New York,36-005-0083,45
40.886389,-111.882222,5,Utah,Davis,Bountiful,49-011-0001,91
40.902967,-111.884467,5,Utah,Davis,Bountiful,49-011-0004,1083
41.087862,-81.541532,5,Ohio,Summit,Akron,39-153-0023,1096
41.094965,-85.101816,5,Indiana,Allen,Fort Wayne,18-003-0004,104
41.09596,-80.65847,5,Ohio,Mahoning,Youngstown,39-099-0014,770
41.118333,-73.336667,5,Connecticut,Fairfield,Westport,09-001-9003,95
41.182227,-104.778334,5,Wyoming,Laramie,Not in a city,56-021-0100,1154
41.247486,-95.973142,5,Nebraska,Douglas,Omaha,31-055-0019,2025
41.3014,-72.902871,5,Connecticut,New Haven,New Haven,09-009-0027,1799
41.310833,-72.916944,5,Connecticut,New Haven,New Haven,09-009-1123,66
41.42353,-81.64755,5,Ohio,Cuyahoga,Cuyahoga Heights,39-035-0076,170
41.439458,-82.161501,5,Ohio,Lorain,Lorain,39-093-0016,53
41.442778,-75.623056,5,Pennsylvania,Lackawanna,Scranton,42-069-2006,743
41.446624,-81.662356,5,Ohio,Cuyahoga,Newburgh Heights,39-035-0065,217
41.463071,-82.114261,5,Ohio,Lorain,Sheffield,39-093-3002,1071
41.492117,-81.678449,5,Ohio,Cuyahoga,Cleveland,39-035-0060,2087
41.530011,-90.587611,5,Iowa,Scott,Davenport,19-163-0015,2372
41.586386,-87.475543,5,Indiana,Lake,Hammond,18-089-2004,422
41.603159,-93.643118,5,Iowa,Polk,Des Moines,19-153-0030,707
41.606662,-87.304943,5,Indiana,Lake,Gary,18-089-0022,1090
41.62057,-83.64226,5,Ohio,Lucas,Toledo,39-095-0026,773
41.657155,-85.968446,5,Indiana,Elkhart,Elkhart,18-039-0008,425
41.664711,-93.614385,5,Iowa,Polk,Des Moines,19-153-2520,103
41.667827,-85.969444,5,Indiana,Elkhart,Elkhart,18-039-0003,180
41.693659,-86.236673,5,Indiana,St. Joseph,South Bend,18-141-1008,61
41.70757,-87.568574,5,Illinois,Cook,Chicago,17-031-0050,48
41.7514,-87.713488,5,Illinois,Cook,Chicago,17-031-0076,2099
41.763936,-83.471878,5,Michigan,Monroe,Luna Pier,26-115-0005,664
41.771071,-88.152534,5,Illinois,DuPage,Naperville,17-043-4002,839
41.807469,-71.412968,5,Rhode Island,Providence,Providence,44-007-0022,775
41.841039,-71.36097,5,Rhode Island,Providence,East Providence,44-007-1010,1402
41.842649,-111.852199,5,Utah,Cache,Smithfield,49-005-0007,150
41.912739,-87.722673,5,Illinois,Cook,Chicago,17-031-0057,1173
41.923582,-83.34573,5,Michigan,Monroe,Not in a city,26-115-0006,89
41.97677,-91.68766,5,Iowa,Linn,Cedar Rapids,19-113-0040,186
41.995568,-83.946559,5,Michigan,Lenawee,Tecumseh,26-091-0007,649
42.00508,-91.6793,5,Iowa,Linn,Cedar Rapids,19-113-0037,646
42.09142,-77.20978,5,New York,Steuben,Not in a city,36-101-0003,2379
42.139996,-87.799227,5,Illinois,Cook,Northbrook,17-031-4201,1674
42.14175,-80.038611,5,Pennsylvania,Erie,Erie,42-049-0003,755
42.189215,-120.353969,5,Oregon,Lake,Lakeview,41-037-0001,250
42.190296,-121.731369,5,Oregon,Klamath,Altamont,41-035-0004,472
42.19438,-72.555112,5,Massachusetts,Hampden,Chicopee,25-013-0008,1949
42.22862,-83.2082,5,Michigan,Wayne,Allen Park,26-163-0001,2431
42.240565,-83.599602,5,Michigan,Washtenaw,Ypsilanti,26-161-0008,302
42.278067,-85.54189,5,Michigan,Kalamazoo,Kalamazoo,26-077-0008,312
42.302786,-83.10653,5,Michigan,Wayne,Detroit,26-163-0015,774
42.306674,-83.148754,5,Michigan,Wayne,Dearborn,26-163-0033,1146
42.31411,-122.87923,5,Oregon,Jackson,Medford,41-029-0133,449
42.3295,-71.0826,5,Massachusetts,Suffolk,Boston,25-025-0042,2398
42.43084,-83.000138,5,Michigan,Wayne,Detroit,26-163-0019,78
42.490313,-83.279931,5,Michigan,Oakland,Southfield,26-125-0010,64
42.50472,-87.8093,5,Wisconsin,Kenosha,Pleasant Prairie,55-059-0019,121
42.504722,-87.8093,5,Wisconsin,Kenosha,Pleasant Prairie,55-059-0019,113
42.64225,-73.75464,5,New York,Albany,Albany,36-001-0005,1253
42.767786,-86.148577,5,Michigan,Allegan,Holland,26-005-0003,190
42.953336,-82.456229,5,Michigan,St. Clair,Port Huron,26-147-0005,399
42.984173,-85.671339,5,Michigan,Kent,Grand Rapids,26-081-0020,1705
42.995778,-71.462528,5,New Hampshire,Hillsborough,Manchester,33-011-0020,231
43.01724,-87.93369,5,Wisconsin,Milwaukee,Milwaukee,55-079-0010,135
43.020075,-88.21507,5,Wisconsin,Waukesha,Waukesha,55-133-0027,784
43.060975,-87.913504,5,Wisconsin,Milwaukee,Milwaukee,55-079-0026,2229
43.075371,-70.748017,5,New Hampshire,Rockingham,Portsmouth,33-015-0014,646
43.14618,-77.54817,5,New York,Monroe,Rochester,36-055-1007,1978
43.161062,-77.603293,5,New York,Monroe,Rochester,36-055-6001,355
43.434996,-88.527879,5,Wisconsin,Dodge,Not in a city,55-027-0007,966
43.46611,-88.62111,5,Wisconsin,Dodge,Kekoskee,55-027-0001,1394
43.544289,-96.726435,5,South Dakota,Minnehaha,Sioux Falls,46-099-0006,402
43.54792,-96.700769,5,South Dakota,Minnehaha,Sioux Falls,46-099-0008,1266
43.562401,-116.563232,5,Idaho,Canyon,Nampa,16-027-0004,556
43.58925,-119.04872,5,Oregon,Harney,Burns,41-025-0003,22
43.59901,-96.78331,5,South Dakota,Minnehaha,Sioux Falls,46-099-0009,18
43.600699,-116.347853,5,Idaho,Ada,Not in a city,16-001-0010,1811
43.744352,-122.480487,5,Oregon,Lane,Oakridge,41-039-2013,207
43.996908,-92.450366,5,Minnesota,Olmsted,Rochester,27-109-5008,771
44.026312,-123.083737,5,Oregon,Lane,Eugene,41-039-0060,444
44.063916,-121.312554,5,Oregon,Deschutes,Bend,41-017-0120,102
44.067224,-123.141352,5,Oregon,Lane,Eugene,41-039-0059,106
44.138619,-87.6161,5,Wisconsin,Manitowoc,Not in a city,55-071-0007,118
44.13862,-87.61612,5,Wisconsin,Manitowoc,Not in a city,55-071-0007,65
44.299787,-120.844773,5,Oregon,Crook,Prineville,41-013-0100,29
44.310555,-84.891865,5,Michigan,Missaukee,Not in a city,26-113-0001,809
44.39308,-73.8589,5,New York,Essex,Not in a city,36-031-0003,1420
44.480278,-73.214444,5,Vermont,Chittenden,Burlington,50-007-0012,2215
44.50729,-87.99344,5,Wisconsin,Brown,Green Bay,55-009-0005,553
44.95366,-93.25821,5,Minnesota,Hennepin,Minneapolis,27-053-0963,2332
44.95939,-93.03587,5,Minnesota,Ramsey,St. Paul,27-123-0871,205
44.959409,-93.256892,5,Minnesota,Hennepin,Minneapolis,27-053-0960,4
45.13768,-93.207615,5,Minnesota,Anoka,Blaine,27-003-1002,1242
45.2066,-90.5972,5,Wisconsin,Taylor,Not in a city,55-119-8001,1233
45.339,-118.095206,5,Oregon,Union,La Grande,41-061-0119,217
45.496641,-122.602877,5,Oregon,Multnomah,Portland,41-051-0080,59
45.528501,-122.972398,5,Oregon,Washington,Hillsboro,41-067-0004,66
45.648333,-122.586944,5,Washington,Clark,Vancouver,53-011-0013,308
45.64987,-122.5901,5,Washington,Clark,Vancouver,53-011-0023,67
46.002602,-112.501247,5,Montana,Silver Bow,Butte-Silver Bow (Remainder),30-093-0005,769
46.2053,-93.75945,5,Minnesota,Mille Lacs,Onamia,27-095-3051,329
46.288877,-85.950227,5,Michigan,Schoolcraft,Not in a city,26-153-0001,316
46.493633,-84.364207,5,Michigan,Chippewa,Sault Ste. Marie,26-033-0901,426
46.598056,-120.499167,5,Washington,Yakima,Yakima,53-077-0009,777
46.825425,-100.76821,5,North Dakota,Burleigh,Bismarck,38-015-0003,1023
46.842181,-114.021499,5,Montana,Missoula,Missoula,30-063-0024,125
46.8505,-111.987164,5,Montana,Lewis and Clark,Not in a city,30-049-0004,1180
46.874836,-113.996196,5,Montana,Missoula,Missoula,30-063-0031,913
46.933754,-96.85535,5,North Dakota,Cass,Not in a city,38-017-1004,1776
47.1864,-122.4517,5,Washington,Pierce,Tacoma,53-053-0029,869
47.2656,-122.3858,5,Washington,Pierce,Tacoma,53-053-0031,357
47.545377,-122.323458,5,Washington,King,Seattle,53-033-0032,130
47.55975,-122.338265,5,Washington,King,Seattle,53-033-0057,357
47.568236,-122.308628,5,Washington,King,Seattle,53-033-0080,48
47.5812,-103.2995,5,North Dakota,McKenzie,Not in a city,38-053-0002,299
47.597222,-122.319722,5,Washington,King,Seattle,53-033-0030,360
47.660743,-117.358121,5,Washington,Spokane,Spokane,53-063-0016,240
48.054315,-122.171529,5,Washington,Snohomish,Marysville,53-061-1007,344
48.391545,-115.553309,5,Montana,Lincoln,Libby,30-053-0018,369
61.205861,-149.824602,5,Alaska,Anchorage,Anchorage,02-020-0018,267
64.762973,-147.310297,5,Alaska,Fairbanks North Star,Not in a city,02-090-0035,48
64.839846,-147.653858,5,Alaska,Fairbanks North Star,Fairbanks,02-090-4103,12
64.845281,-147.683903,5,Alaska,Fairbanks North Star,Fairbanks,02-090-4101,17
64.84569,-147.727413,5,Alaska,Fairbanks North Star,Fairbanks,02-090-0034,857
